{"loss": [8.88755148824056, 6.0660857710944285, 5.758118659379747, 5.345846880425348, 5.193911221059164, 4.975267715962728, 4.819686738247341, 4.542505103302002, 4.2978194794972735, 4.115943647638956, 3.9653196818881566, 3.846114592149523, 3.76711151131524, 3.6755134408738876, 3.608105687883165, 3.5511744084252252, 3.4989577222188313, 3.4516081518809, 3.4163282491895886, 3.381293739530775], "policy_loss": [5.701388835906982, 5.607060432434082, 5.454212665557861, 5.018772602081299, 4.843967437744141, 4.607943534851074, 4.402858257293701, 4.044861793518066, 3.755474090576172, 3.549450635910034, 3.3843820095062256, 3.2534139156341553, 3.1571593284606934, 3.0616202354431152, 2.987442970275879, 2.9243662357330322, 2.8686978816986084, 2.8134405612945557, 2.771596670150757, 2.729534387588501], "value_loss": [0.24098734557628632, 0.24029876291751862, 0.24009190499782562, 0.24002955853939056, 0.23996442556381226, 0.23999743163585663, 0.23987789452075958, 0.23998980224132538, 0.23982073366641998, 0.23992420732975006, 0.239824578166008, 0.23982761800289154, 0.23981522023677826, 0.23975764214992523, 0.23973523080348969, 0.2397470921278, 0.23974375426769257, 0.23970013856887817, 0.23967312276363373, 0.23974213004112244], "val_loss": [7.482199621582032, 6.225518127441406, 5.8250650177001955, 5.78503370513916, 6.120961627197266, 5.530787098693848, 10.932961738586426, 5.299035349273682, 5.763300169372559, 5.389033887481689, 5.284533673095703, 6.253038286590576, 5.425813902282715, 5.9525840324401855, 6.499740538024902, 5.164268183135986, 6.449241647338868, 5.532755313873291, 6.36063392944336, 7.910658135986328], "val_policy_loss": [6.6812286376953125, 5.919773101806641, 5.496062278747559, 5.448969841003418, 5.760578632354736, 5.143129825592041, 10.457677841186523, 4.761593341827393, 5.202338695526123, 4.803366184234619, 4.702955722808838, 5.632986068725586, 4.8085856437683105, 5.332947731018066, 5.867495536804199, 4.535320281982422, 5.8108625411987305, 4.896913051605225, 5.706281661987305, 7.253142356872559], "val_value_loss": [0.24109913408756256, 0.24129536747932434, 0.24013309180736542, 0.24023325741291046, 0.2400946021080017, 0.24018539488315582, 0.24032966792583466, 0.24017572402954102, 0.24020284414291382, 0.24028007686138153, 0.24020081758499146, 0.2401137799024582, 0.24020852148532867, 0.24010218679904938, 0.24002471566200256, 0.24039143323898315, 0.24009950459003448, 0.24030020833015442, 0.2412164956331253, 0.24026112258434296]}