{"loss": [6.336957229614258, 5.18491899778578, 5.0283402902391225, 4.7833693311055505, 4.257569105953641, 3.8865624174753823, 3.6485116778903537, 3.4828594876183403, 3.3569105914645725, 3.253226272201538, 3.1608248973846433, 3.0898740460713703, 3.028241921106974, 2.97120545018514, 2.9244093697018094, 2.887710606765747, 2.847350450346205, 2.818693420410156, 2.7892071634928386, 2.7677715554979114], "policy_loss": [5.4362053871154785, 4.837303638458252, 4.661108493804932, 4.301989555358887, 3.7184090614318848, 3.3673317432403564, 3.1494104862213135, 2.9885900020599365, 2.868105173110962, 2.765113592147827, 2.6724233627319336, 2.601693868637085, 2.5385658740997314, 2.4800758361816406, 2.4361777305603027, 2.399611473083496, 2.3589963912963867, 2.3315179347991943, 2.3016443252563477, 2.2804818153381348], "value_loss": [0.24165676534175873, 0.2403009980916977, 0.23997463285923004, 0.24003438651561737, 0.24003472924232483, 0.24005693197250366, 0.24002180993556976, 0.24002911150455475, 0.2399817556142807, 0.23998159170150757, 0.23999561369419098, 0.2400103658437729, 0.23999972641468048, 0.2400132268667221, 0.23999136686325073, 0.2400047779083252, 0.23995867371559143, 0.23997029662132263, 0.2399541735649109, 0.2399541288614273], "val_loss": [5.645393576049805, 5.214829859924317, 5.163620796966553, 4.712779107666016, 4.461894621276856, 4.446648785400391, 4.41503159866333, 4.384759202575683, 4.332023538970947, 4.58861323928833, 4.47115425567627, 4.526215377044678, 4.566886283874512, 4.6409664100646975, 4.64711003036499, 4.62386148223877, 4.737245281219482, 4.6353330825805665, 4.849395957946777, 4.840419060516357], "val_policy_loss": [5.306148052215576, 4.856481075286865, 4.779869079589844, 4.18499231338501, 3.9457366466522217, 3.9444310665130615, 3.9190831184387207, 3.8947441577911377, 3.8460569381713867, 4.099404811859131, 3.981182336807251, 4.036402225494385, 4.079202651977539, 4.153628826141357, 4.163088798522949, 4.133554935455322, 4.253176689147949, 4.15135383605957, 4.366460800170898, 4.357457637786865], "val_value_loss": [0.24034111201763153, 0.24019548296928406, 0.240170419216156, 0.24023695290088654, 0.24021844565868378, 0.24019186198711395, 0.2402164340019226, 0.24019502103328705, 0.24020591378211975, 0.24027706682682037, 0.24018366634845734, 0.24021583795547485, 0.24018169939517975, 0.24019938707351685, 0.2401866912841797, 0.24020618200302124, 0.24018220603466034, 0.24021534621715546, 0.24018867313861847, 0.24018213152885437]}