{"loss": [5.93544454252455, 5.636607442728678, 4.849264070934719, 4.32704372821384, 3.8916711803012425, 3.5891893935309516, 3.347677775616116, 3.1416883113013374, 2.963503203752306, 2.795241582531399, 2.6345639461093477, 2.4817908900790746, 2.325343272950914, 2.1755739647759333, 2.024298877037896, 1.8794133173624674, 1.7385404552989536, 1.5940244388156466, 1.469289035987854, 1.3407200691223145], "policy_loss": [5.693730354309082, 5.397218704223633, 4.607472896575928, 4.087149143218994, 3.6531617641448975, 3.3507790565490723, 3.107102870941162, 2.903090715408325, 2.7263574600219727, 2.556809425354004, 2.396676778793335, 2.244102716445923, 2.0871431827545166, 1.9384936094284058, 1.7877105474472046, 1.643035888671875, 1.5020084381103516, 1.3604328632354736, 1.235030174255371, 1.1073031425476074], "value_loss": [0.24149149656295776, 0.23957295715808868, 0.23990210890769958, 0.23970961570739746, 0.23963765799999237, 0.23932784795761108, 0.23919516801834106, 0.23897609114646912, 0.23869743943214417, 0.23841606080532074, 0.23814630508422852, 0.2378591001033783, 0.2373875230550766, 0.2368779182434082, 0.23657317459583282, 0.2360740602016449, 0.23550771176815033, 0.23480001091957092, 0.23433613777160645, 0.2335924655199051], "val_loss": [5.928738738250733, 5.176742540740967, 6.000349036407471, 4.602922327423095, 4.740063555908203, 4.2090404495239255, 5.683165374755859, 5.511181764221192, 4.138760264205932, 4.135474280929565, 4.755226623535156, 5.170325098419189, 5.139145933532715, 5.317292095947265, 5.203573049926757, 5.262716268157959, 5.422659880828857, 6.744175070953369, 5.817106686401367, 7.611074353790284], "val_policy_loss": [5.689828395843506, 4.930075168609619, 5.753119945526123, 4.356604099273682, 4.499255180358887, 3.9708259105682373, 5.449642658233643, 5.267573356628418, 3.8930842876434326, 3.892307758331299, 4.513997554779053, 4.924489498138428, 4.908895015716553, 5.077493667602539, 4.968488693237305, 5.025720596313477, 5.183801174163818, 6.493643283843994, 5.5696001052856445, 7.35429573059082], "val_value_loss": [0.24020381271839142, 0.24014654755592346, 0.24087034165859222, 0.24029992520809174, 0.24030981957912445, 0.2401716709136963, 0.24018533527851105, 0.2403711974620819, 0.2401057332754135, 0.24028310179710388, 0.24005769193172455, 0.240094855427742, 0.24059267342090607, 0.24156703054904938, 0.241458922624588, 0.24239785969257355, 0.24261797964572906, 0.24219392240047455, 0.2427857518196106, 0.24452801048755646]}