{"loss": [6.584815687221951, 4.956649413384332, 4.828819028388129, 4.600616231791179, 4.333208330154419, 4.108544669681125, 3.9269542188008626, 3.7747897984398735, 3.652815850067139, 3.5721021069844565, 3.4889850119696724, 3.427079285091824, 3.378532550769382, 3.333343693415324, 3.2876673652648924, 3.2469230338202584, 3.2070289991166856, 3.1773075219048392, 3.1492419405619305, 3.1140093724568687], "policy_loss": [5.2451605796813965, 4.585834503173828, 4.42409086227417, 4.14389181137085, 3.843040704727173, 3.5987753868103027, 3.4060540199279785, 3.256685733795166, 3.1426994800567627, 3.058896541595459, 2.9844367504119873, 2.927710771560669, 2.8777523040771484, 2.834139585494995, 2.7865731716156006, 2.7505605220794678, 2.709135055541992, 2.6813130378723145, 2.6534202098846436, 2.617351770401001], "value_loss": [0.24123913049697876, 0.24031205475330353, 0.24003976583480835, 0.23998282849788666, 0.2399999499320984, 0.24000553786754608, 0.23996418714523315, 0.2400323897600174, 0.24000035226345062, 0.24000538885593414, 0.23995575308799744, 0.24005044996738434, 0.2400202751159668, 0.2400018274784088, 0.2399986833333969, 0.24006523191928864, 0.24005232751369476, 0.2399623841047287, 0.23999738693237305, 0.2400372177362442], "val_loss": [5.1685068267822265, 5.004195225524902, 5.011489307403564, 4.667946270751953, 4.432527474594116, 4.393103723144531, 4.449070597839356, 4.358914884948731, 4.458502202606201, 4.531685499572754, 4.479186486053467, 4.403494059753418, 4.429112468719483, 4.332448291015625, 4.340052447509765, 4.353877989959717, 4.435540309906006, 4.398223501586914, 4.286271812820434, 4.376288888549805], "val_policy_loss": [4.808379173278809, 4.6209845542907715, 4.586479187011719, 4.195708274841309, 3.9324874877929688, 3.881002187728882, 3.936898946762085, 3.8470168113708496, 3.9460480213165283, 4.016781806945801, 3.9847187995910645, 3.9125583171844482, 3.916248083114624, 3.8382692337036133, 3.8475632667541504, 3.858288288116455, 3.941671133041382, 3.9052734375, 3.7918643951416016, 3.8770596981048584], "val_value_loss": [0.2403925210237503, 0.24034364521503448, 0.2402288019657135, 0.2402232140302658, 0.24018408358097076, 0.24019724130630493, 0.24019622802734375, 0.24021030962467194, 0.24019163846969604, 0.24018321931362152, 0.24018792808055878, 0.24019178748130798, 0.2401854544878006, 0.2402089685201645, 0.24019856750965118, 0.240200474858284, 0.24018633365631104, 0.24018582701683044, 0.24018260836601257, 0.2401825338602066]}