{"loss": [4.122784415721894, 3.99134912776947, 3.8927044863700866, 3.8101904006004332, 3.765368903160095, 3.7380939960479735, 3.7058646116256715, 3.681542736530304, 3.6418233218193055, 3.6256936893463134, 3.605043786525726, 3.6013889570236204, 3.587293822288513, 3.568205321788788, 3.5629864740371704, 3.5570840845108034, 3.544061791419983, 3.546450502872467, 3.5362032442092897, 3.519458574771881], "policy_loss": [3.7040460109710693, 3.58960223197937, 3.495917320251465, 3.4148342609405518, 3.3679256439208984, 3.3451387882232666, 3.3091084957122803, 3.293473482131958, 3.257797956466675, 3.242661952972412, 3.223984718322754, 3.22287917137146, 3.2081775665283203, 3.190899610519409, 3.1841113567352295, 3.1800754070281982, 3.1678690910339355, 3.1703038215637207, 3.1605560779571533, 3.1436192989349365], "value_loss": [0.2396201342344284, 0.23937873542308807, 0.23962078988552094, 0.23954987525939941, 0.2396823614835739, 0.23909775912761688, 0.2394905984401703, 0.23901693522930145, 0.23898541927337646, 0.2398197501897812, 0.23952221870422363, 0.2394450604915619, 0.23982857167720795, 0.23925885558128357, 0.23977331817150116, 0.23941932618618011, 0.2395670861005783, 0.2399173378944397, 0.23944233357906342, 0.2399650365114212], "val_loss": [4.072745376586914, 3.9259355330467223, 3.872466150760651, 3.8582951941490173, 3.819567385196686, 4.358675933361053, 3.7390621905326844, 3.7089879937171935, 3.687721321105957, 3.646115210056305, 3.705481423854828, 3.6885223712921142, 3.6335659132003784, 3.6542699098587037, 3.618290326118469, 3.5604478039741516, 3.5802453727722168, 3.565197988510132, 3.586325809955597, 3.5560748252868652], "val_policy_loss": [3.668095588684082, 3.5244762897491455, 3.466423511505127, 3.4672629833221436, 3.4156787395477295, 3.9317626953125, 3.3477234840393066, 3.321434736251831, 3.305964469909668, 3.265035390853882, 3.3205809593200684, 3.3067994117736816, 3.254591226577759, 3.276628255844116, 3.2397103309631348, 3.183926820755005, 3.2044754028320312, 3.1891841888427734, 3.210365056991577, 3.180177688598633], "val_value_loss": [0.23995152115821838, 0.23995329439640045, 0.23995822668075562, 0.2399686872959137, 0.23995667695999146, 0.23999515175819397, 0.23995603621006012, 0.2400539666414261, 0.23993773758411407, 0.23996132612228394, 0.23993812501430511, 0.23992864787578583, 0.23999418318271637, 0.2399655431509018, 0.23999057710170746, 0.23994946479797363, 0.2399609386920929, 0.23994038999080658, 0.2400263547897339, 0.23993951082229614]}