{"loss": [6.122107017856174, 6.110121405792237, 6.101940852186415, 6.096159692298041, 6.092072793663872, 6.089014762963189, 6.086648877546522, 6.081381952073839, 6.0484813110351565, 5.916417982652452, 5.8355076894124345, 5.4958411624484595, 4.9049232766045465, 4.739662208472358, 4.561766347418891, 4.323266330210368, 4.065844749620226, 3.8447585154215496, 3.666920087390476, 3.5122339390648736], "policy_loss": [5.881795883178711, 5.8700785636901855, 5.861992359161377, 5.856576919555664, 5.852633476257324, 5.849823474884033, 5.847775459289551, 5.842613220214844, 5.809143543243408, 5.675135612487793, 5.5938944816589355, 5.252047538757324, 4.661840438842773, 4.497794151306152, 4.3201398849487305, 4.082130432128906, 3.8243186473846436, 3.6023459434509277, 3.4246790409088135, 3.2699320316314697], "value_loss": [0.24031558632850647, 0.24003706872463226, 0.239846333861351, 0.23964667320251465, 0.23938952386379242, 0.23909932374954224, 0.23886093497276306, 0.23876498639583588, 0.23926232755184174, 0.24128590524196625, 0.24130602180957794, 0.2427697777748108, 0.24163776636123657, 0.2410908192396164, 0.24104617536067963, 0.2412630021572113, 0.24180851876735687, 0.24214878678321838, 0.24197258055210114, 0.24201150238513947], "val_loss": [6.1156512626647945, 6.106526161193847, 6.100415444946289, 6.096105484008789, 6.0933707901000975, 6.091819744873047, 6.089345332336426, 6.073279194641113, 6.0286859657287595, 5.8731512954711915, 5.975043411254883, 5.18367940826416, 6.104700715637207, 4.888848871612549, 4.879183625030517, 4.719538720703125, 4.661369542694092, 4.269102451324463, 4.656479795074463, 4.0561438674926755], "val_policy_loss": [5.875531196594238, 5.866509437561035, 5.860340595245361, 5.856110572814941, 5.853107929229736, 5.851072788238525, 5.84955358505249, 5.828594207763672, 5.7872819900512695, 5.631041526794434, 5.6834869384765625, 4.92773962020874, 5.842118740081787, 4.641822814941406, 4.630197048187256, 4.466956615447998, 4.411552906036377, 4.013647556304932, 4.351190090179443, 3.793555974960327], "val_value_loss": [0.24022595584392548, 0.24006535112857819, 0.2400931864976883, 0.23992499709129333, 0.24016840755939484, 0.24063590168952942, 0.23958304524421692, 0.2436704933643341, 0.24111662805080414, 0.2416306436061859, 0.29226022958755493, 0.24952422082424164, 0.24513553082942963, 0.24189500510692596, 0.24413587152957916, 0.24550259113311768, 0.25014108419418335, 0.25429147481918335, 0.3057789206504822, 0.26338833570480347]}